painting/beianpudun,6966,0ec8ebec63e62403ae88eeec82af72bc
painting/biaoqiang,6904,52b62dc21f77f5b6ab94870221ffbf6a
painting/beianpudun_tex,794240,688f41c5f4a7c7750a6a96a97f08bd9c
painting/bisimai,6908,29c45353939ddcefe41e779fcaf11458
painting/biaoqiang_tex,1043438,51811836b6a413cb8cc76151f85c12a7
painting/bolisi,6943,106982ffcae12ced46d7c94270cfe4a2
painting/bisimai_tex,410774,dfe7cfcebdfc87cb9529198b487b42e7
painting/botelan,6898,217629e6fa3da9ff70b605823da1ac80
painting/bolisi_tex,1023236,53e000ef296fdff3fab16429199cf2ab
painting/changdao,6909,ed1ee8373282c448f564d9f24b976014
painting/botelan_tex,1100436,1418b6275a7699469fc3d959a709951a
painting/changdao_tex,965668,ca0a59649f24bd795d65689b6db89962
painting/dahuangfeng,6943,b1a05e08bf669d1e823a8483fc580d3b
painting/dahuangfeng_tex,1110621,ca83f291260dff651d1b1b545a154fae
painting/fulaiche,6847,fae5cffe8452fb19a7d6bdb817e7ed89
painting/fulaiche_tex,942928,bf88a2fb1b1b635ab632b21379bc3539
painting/gelideli,6887,735c2095504e45c2f476fe05d4345c2b
painting/gelideli_tex,1018601,36089d71c218f8152c75b9d6e36a7a07
painting/haman,6866,e680e552520418b7b11244a3dd29c3e0
painting/haman_tex,655433,bd72dc8242dd3244e087002133373f9a
painting/hude,6887,19c41c379c04e0257ea2ac5e9d3c12dc
painting/huixing,6893,30203bc98fb9b2c7e4f96817db58b832
painting/huixing_tex,683439,03c042b03d7b7299c39705feda469c13
painting/hude_tex,2865780,7d6f39d7cd33741872fa9c445e594f9b
painting/keleiwen,6933,c185526e0809de472f062d2c266a991c
painting/kente,6845,d774f0744887e5317698848e278ab98e
painting/keleiwen_tex,863710,22a4598e5da10f3c317e2047d12dd318
painting/lafei,6905,f106d60042e3a1f9bafcf228dad67d63
painting/kente_tex,774123,1d0a82bb608bada189a4094fe78e2625
painting/lafei_tex,805345,c771a977f4e89d610d12632769514fef
painting/lingbo,6901,c97d47086398366a67e96a04a9b9ad6f
painting/lingbo_tex,691849,d0535d2900690932d51d8c7b029fadb1
painting/maikaoer,6825,cb09b4aa2c7cfe6c57adad4e7842d0cd
painting/maikaoer_tex,879799,d455d6dc02c52df5943587bc4dd1cdd9
painting/mingshi,7081,13fa7e38eed9b37881f6470ead22662f
painting/mingyunnvshen,6889,24c80020a9c7bd2184f9cbb5e1d6f0b4
painting/mingshi_tex,820680,8563a3c6fb2d52f765c4eff7bfab64ea
painting/mingyunnvshen_tex,819264,a3ce4d29040b7141f4e7df177493adfb
painting/nuofuke,6844,c16730e23ef92f1e4137832f9d78f547
painting/nvjiang,6918,2b24d1bd9ba8659709eed189bf32997b
painting/ougen,6914,5b9c1c77e6006bbf4ace7b94cb4cedb4
painting/nvjiang_tex,883529,239a1a26902ea45af1566ede9be3a83c
painting/nuofuke_tex,1057554,8a518a41acda29021c539f1e8e839fa0
painting/ougen_tex,2354402,1f7062e9679faf6c915a83128ae40f91
painting/safuke,6923,872d544b12aac4cada7d28da9703caa7
painting/safuke_xinshou,6926,5893c91bb4dddf46e74cbf461bb17026
painting/safuke_xinshou_tex,210523,b04295b8ce8118be5ee79ff7412c204e
painting/safuke_tex,805161,bf38589591f254e5c5fb9520ca496b46
painting/saqieer,6836,12c6e48d243406fdbfe8243a6fee938b
painting/saqieer_tex,627842,30deaf9195dd9ae9e67903b22dc7dde2
painting/shiluopujun,6931,657bb23ddefe238a2928ec349579c20e
painting/shiluopujun_tex,887316,58b0dced8f6f374761bdfa1c0cb0b9f0
painting/tianhou,6891,e0078f23a6ddf8e12fddd84d0d2e2f60
painting/tianhou_tex,1295123,59ef9a0f941aa4d7cceb5a16b8a510a2
painting/unknown1_xinshou,5143,c44347a9d1329197db864042ea326182
painting/unknown2,5129,be3f0e052347ac4f15341725b678d641
painting/unknown1,5137,e221afe578aeae325515ae9c2bded7eb
painting/unknown2_memory_tex,4675,c4697b8c1fa1ea55456b7aa0e2d2176e
painting/unknown2_memory,6235,6090b4b372893c1e7c95c437abc4d6e0
painting/unknown1_tex,738745,9a498ba202e81f6976f19b0bc4e64554
painting/weiershiqinwang,6942,1355fc8229be62c9d4c9c67aca165513
painting/unknown1_xinshou_tex,782687,d08aac303ec0dc259736eabc31d3f265
painting/unknown2_tex,925188,2369172a8bcd1c7f945b7457812841d7
painting/xiaotiane,6927,041149dc5d7e114cd95a6df6bc5d381a
painting/weiershiqinwang_tex,2802369,6224277d6de8bb955fc11132ae808e5c
painting/xiaotiane_tex,672138,4a205c12be4883a6aa26502fdb8f73eb
painting/ximusi_tex,663381,aa82bd81a453bfd3c6706d6e50f29a33
painting/xinyue,6925,290c43642fd5b312023c02453af5c1f5
painting/ximusi,6912,791fe6e76318d75240f8815ccce54089
painting/xinyue_tex,685304,9579910099c70aca7cfb53bf0a4f8060
painting/z23,7083,5655a361bee7a08c479c28f02c42d65d
painting/z23_tex,914937,c8379d0436c0c778f732bb755a62c07b
painting/zhijiage,6854,f27f6d73edf6e4f75081d2eadf3762b1
painting/zhijiage_tex,784175,537df87a771f6476ff9d97683a8df94f